"barrier_poly_id","country","area_km2","n_species_supported","Beaver","Bison","Brown Bear","Elk","Lynx","Pine Marten","Wild Boar","Wildcat"
5,"Scotland",78.0972137918563,1,TRUE,FALSE,FALSE,FALSE,FALSE,FALSE,FALSE,FALSE
7,"Scotland",6.02172642589235,1,TRUE,FALSE,FALSE,FALSE,FALSE,FALSE,FALSE,FALSE
8,"Scotland",2.21018954414535,1,TRUE,FALSE,FALSE,FALSE,FALSE,FALSE,FALSE,FALSE
10,"Scotland",4.25154446110309,1,TRUE,FALSE,FALSE,FALSE,FALSE,FALSE,FALSE,FALSE
14,"Scotland",2.7920400489018,1,TRUE,FALSE,FALSE,FALSE,FALSE,FALSE,FALSE,FALSE
15,"Scotland",426.200233972205,4,TRUE,TRUE,FALSE,FALSE,FALSE,TRUE,TRUE,FALSE
16,"Scotland",2.78999894858897,1,TRUE,FALSE,FALSE,FALSE,FALSE,FALSE,FALSE,FALSE
17,"Scotland",11.3064556689302,1,TRUE,FALSE,FALSE,FALSE,FALSE,FALSE,FALSE,FALSE
18,"Scotland",2.51579790262771,1,TRUE,FALSE,FALSE,FALSE,FALSE,FALSE,FALSE,FALSE
19,"Scotland",112.448792950868,1,TRUE,FALSE,FALSE,FALSE,FALSE,FALSE,FALSE,FALSE
20,"Scotland",16.9174456704547,1,TRUE,FALSE,FALSE,FALSE,FALSE,FALSE,FALSE,FALSE
21,"Scotland",4.41291848769446,1,TRUE,FALSE,FALSE,FALSE,FALSE,FALSE,FALSE,FALSE
28,"Scotland",13.662951638963,1,TRUE,FALSE,FALSE,FALSE,FALSE,FALSE,FALSE,FALSE
30,"Scotland",619.959102346575,4,TRUE,TRUE,FALSE,FALSE,FALSE,TRUE,TRUE,FALSE
31,"Scotland",357.860350639607,4,TRUE,TRUE,FALSE,FALSE,FALSE,TRUE,TRUE,FALSE
33,"Scotland",39.6048712340808,1,TRUE,FALSE,FALSE,FALSE,FALSE,FALSE,FALSE,FALSE
35,"Scotland",8.63435624723435,1,TRUE,FALSE,FALSE,FALSE,FALSE,FALSE,FALSE,FALSE
39,"Scotland",886.997279976536,5,TRUE,TRUE,FALSE,FALSE,FALSE,TRUE,TRUE,TRUE
41,"Scotland",23.125359602777,1,TRUE,FALSE,FALSE,FALSE,FALSE,FALSE,FALSE,FALSE
46,"Scotland",73.5967537956762,1,TRUE,FALSE,FALSE,FALSE,FALSE,FALSE,FALSE,FALSE
48,"Scotland",30.7364930968314,1,TRUE,FALSE,FALSE,FALSE,FALSE,FALSE,FALSE,FALSE
49,"Scotland",103.311750211765,2,TRUE,FALSE,FALSE,FALSE,FALSE,FALSE,TRUE,FALSE
50,"Scotland",14.4533840365759,1,TRUE,FALSE,FALSE,FALSE,FALSE,FALSE,FALSE,FALSE
52,"Scotland",12.1154364765711,1,TRUE,FALSE,FALSE,FALSE,FALSE,FALSE,FALSE,FALSE
56,"Scotland",2.91233464002895,1,TRUE,FALSE,FALSE,FALSE,FALSE,FALSE,FALSE,FALSE
58,"Scotland",2.20110728533673,1,TRUE,FALSE,FALSE,FALSE,FALSE,FALSE,FALSE,FALSE
62,"Scotland",67.999663379244,1,TRUE,FALSE,FALSE,FALSE,FALSE,FALSE,FALSE,FALSE
66,"Scotland",7.07438078945398,1,TRUE,FALSE,FALSE,FALSE,FALSE,FALSE,FALSE,FALSE
67,"Scotland",309.991974904559,3,TRUE,FALSE,FALSE,FALSE,FALSE,TRUE,TRUE,FALSE
70,"Scotland",391.855225541058,3,TRUE,FALSE,FALSE,FALSE,FALSE,TRUE,TRUE,FALSE
71,"Scotland",9.95976967411971,1,TRUE,FALSE,FALSE,FALSE,FALSE,FALSE,FALSE,FALSE
77,"Scotland",1602.39503865317,6,TRUE,TRUE,TRUE,FALSE,FALSE,TRUE,TRUE,TRUE
80,"Scotland",60.9665492736248,1,TRUE,FALSE,FALSE,FALSE,FALSE,FALSE,FALSE,FALSE
82,"Scotland",9.46356205028927,1,TRUE,FALSE,FALSE,FALSE,FALSE,FALSE,FALSE,FALSE
86,"Scotland",21.0261381843736,1,TRUE,FALSE,FALSE,FALSE,FALSE,FALSE,FALSE,FALSE
95,"Scotland",7.73356269567657,1,TRUE,FALSE,FALSE,FALSE,FALSE,FALSE,FALSE,FALSE
98,"Scotland",13.9821181846077,1,TRUE,FALSE,FALSE,FALSE,FALSE,FALSE,FALSE,FALSE
101,"Scotland",10.4518788032036,1,TRUE,FALSE,FALSE,FALSE,FALSE,FALSE,FALSE,FALSE
107,"Scotland",2156.09009691428,6,TRUE,TRUE,TRUE,FALSE,FALSE,TRUE,TRUE,TRUE
108,"Scotland",32.2307922420559,1,TRUE,FALSE,FALSE,FALSE,FALSE,FALSE,FALSE,FALSE
120,"Wales",2.70808892050505,1,TRUE,FALSE,FALSE,FALSE,FALSE,FALSE,FALSE,FALSE
124,"Wales",2.80876741696441,1,TRUE,FALSE,FALSE,FALSE,FALSE,FALSE,FALSE,FALSE
360,"Wales",719.730974334485,2,TRUE,FALSE,FALSE,FALSE,FALSE,FALSE,TRUE,FALSE
3161,"England",2.04021966654611,1,TRUE,FALSE,FALSE,FALSE,FALSE,FALSE,FALSE,FALSE
5497,"England",57.7789513547227,1,TRUE,FALSE,FALSE,FALSE,FALSE,FALSE,FALSE,FALSE
5579,"England",345.772724996297,1,TRUE,FALSE,FALSE,FALSE,FALSE,FALSE,FALSE,FALSE
6917,"England",54.234725653583,1,TRUE,FALSE,FALSE,FALSE,FALSE,FALSE,FALSE,FALSE
8205,"England",117.706268082207,1,TRUE,FALSE,FALSE,FALSE,FALSE,FALSE,FALSE,FALSE
11776,"England",242.141618684873,1,TRUE,FALSE,FALSE,FALSE,FALSE,FALSE,FALSE,FALSE
11800,"England",73.0681401163896,1,TRUE,FALSE,FALSE,FALSE,FALSE,FALSE,FALSE,FALSE
12125,"England",26.8311118655674,1,TRUE,FALSE,FALSE,FALSE,FALSE,FALSE,FALSE,FALSE
14041,"England",208.129575668932,1,TRUE,FALSE,FALSE,FALSE,FALSE,FALSE,FALSE,FALSE
22128,"England",372.361305853385,2,TRUE,FALSE,FALSE,FALSE,FALSE,FALSE,TRUE,FALSE
23700,"England",243.89517113019,1,TRUE,FALSE,FALSE,FALSE,FALSE,FALSE,FALSE,FALSE
23838,"England",220.336299314373,1,TRUE,FALSE,FALSE,FALSE,FALSE,FALSE,FALSE,FALSE
26142,"England",13.8478336326286,1,TRUE,FALSE,FALSE,FALSE,FALSE,FALSE,FALSE,FALSE
26384,"England",381.410132481995,1,TRUE,FALSE,FALSE,FALSE,FALSE,FALSE,FALSE,FALSE
26395,"England",405.668130695838,1,TRUE,FALSE,FALSE,FALSE,FALSE,FALSE,FALSE,FALSE
42374,"England",39.6011704934564,1,TRUE,FALSE,FALSE,FALSE,FALSE,FALSE,FALSE,FALSE
42774,"England",13.3788089297365,1,TRUE,FALSE,FALSE,FALSE,FALSE,FALSE,FALSE,FALSE
50330,"England",33.0472847200702,1,TRUE,FALSE,FALSE,FALSE,FALSE,FALSE,FALSE,FALSE
50426,"England",19.474805350055,1,TRUE,FALSE,FALSE,FALSE,FALSE,FALSE,FALSE,FALSE
50522,"England",52.2291910998349,1,TRUE,FALSE,FALSE,FALSE,FALSE,FALSE,FALSE,FALSE
50627,"England",744.661199330208,2,TRUE,FALSE,FALSE,FALSE,FALSE,FALSE,TRUE,FALSE
58241,"England",15.0276926429642,1,TRUE,FALSE,FALSE,FALSE,FALSE,FALSE,FALSE,FALSE
68995,"England",401.64254342457,3,TRUE,FALSE,FALSE,FALSE,FALSE,TRUE,TRUE,FALSE
82733,"England",69.8125920139511,1,TRUE,FALSE,FALSE,FALSE,FALSE,FALSE,FALSE,FALSE
119245,"England",128.389785534245,1,TRUE,FALSE,FALSE,FALSE,FALSE,FALSE,FALSE,FALSE
120996,"England",136.474187025391,1,TRUE,FALSE,FALSE,FALSE,FALSE,FALSE,FALSE,FALSE
121092,"England",1424.71626313346,4,TRUE,TRUE,FALSE,FALSE,FALSE,TRUE,TRUE,FALSE
121520,"England",1213.77424926658,3,TRUE,FALSE,FALSE,FALSE,FALSE,TRUE,TRUE,FALSE
124649,"England",1654.33008749761,3,TRUE,FALSE,FALSE,FALSE,FALSE,TRUE,TRUE,FALSE
131561,"England",708.171069850625,3,TRUE,FALSE,FALSE,FALSE,FALSE,TRUE,TRUE,FALSE
132771,"England",2567.60450155472,5,TRUE,TRUE,FALSE,FALSE,FALSE,TRUE,TRUE,TRUE
133493,"England",68.353914644765,1,TRUE,FALSE,FALSE,FALSE,FALSE,FALSE,FALSE,FALSE
134246,"England",598.264021319761,3,TRUE,FALSE,FALSE,FALSE,FALSE,TRUE,TRUE,FALSE
134402,"England",1231.1637163402,4,TRUE,TRUE,FALSE,FALSE,FALSE,TRUE,TRUE,FALSE
162819,"England",90.4828080771585,1,TRUE,FALSE,FALSE,FALSE,FALSE,FALSE,FALSE,FALSE
162825,"England",879.356992622228,2,TRUE,FALSE,FALSE,FALSE,FALSE,FALSE,TRUE,FALSE
165191,"England",1434.32530867043,4,TRUE,TRUE,FALSE,FALSE,FALSE,TRUE,TRUE,FALSE
178973,"England",909.961535234455,3,TRUE,FALSE,FALSE,FALSE,FALSE,TRUE,TRUE,FALSE
184003,"England",1214.72572846525,4,TRUE,TRUE,FALSE,FALSE,FALSE,TRUE,TRUE,FALSE
184125,"England",57.8563210374174,1,TRUE,FALSE,FALSE,FALSE,FALSE,FALSE,FALSE,FALSE
184450,"England",707.529961558251,3,TRUE,FALSE,FALSE,FALSE,FALSE,TRUE,TRUE,FALSE
185492,"England",1530.42015284539,4,TRUE,TRUE,FALSE,FALSE,FALSE,TRUE,TRUE,FALSE
195780,"England",10.0803051280656,1,TRUE,FALSE,FALSE,FALSE,FALSE,FALSE,FALSE,FALSE
214598,"England",172.961252879999,1,TRUE,FALSE,FALSE,FALSE,FALSE,FALSE,FALSE,FALSE
226120,"England",248.587702681275,1,TRUE,FALSE,FALSE,FALSE,FALSE,FALSE,FALSE,FALSE
226133,"England",9.95386419039648,1,TRUE,FALSE,FALSE,FALSE,FALSE,FALSE,FALSE,FALSE
226882,"England",192.759769294983,1,TRUE,FALSE,FALSE,FALSE,FALSE,FALSE,FALSE,FALSE
226883,"England",22.2885197641889,1,TRUE,FALSE,FALSE,FALSE,FALSE,FALSE,FALSE,FALSE
235465,"England",101.213167607082,1,TRUE,FALSE,FALSE,FALSE,FALSE,FALSE,FALSE,FALSE
235637,"England",43.3173518632578,1,TRUE,FALSE,FALSE,FALSE,FALSE,FALSE,FALSE,FALSE
236852,"England",4.76599435334295,1,TRUE,FALSE,FALSE,FALSE,FALSE,FALSE,FALSE,FALSE
246780,"England",3.99853796328408,1,TRUE,FALSE,FALSE,FALSE,FALSE,FALSE,FALSE,FALSE
246793,"England",49.5612796353625,1,TRUE,FALSE,FALSE,FALSE,FALSE,FALSE,FALSE,FALSE
246818,"England",118.872422346578,1,TRUE,FALSE,FALSE,FALSE,FALSE,FALSE,FALSE,FALSE
249681,"England",78.9287207325723,1,TRUE,FALSE,FALSE,FALSE,FALSE,FALSE,FALSE,FALSE
250082,"England",10.671756479393,1,TRUE,FALSE,FALSE,FALSE,FALSE,FALSE,FALSE,FALSE
250330,"England",11.1657870680951,1,TRUE,FALSE,FALSE,FALSE,FALSE,FALSE,FALSE,FALSE
259654,"England",108.255645685244,1,TRUE,FALSE,FALSE,FALSE,FALSE,FALSE,FALSE,FALSE
266101,"England",91.1526941589827,1,TRUE,FALSE,FALSE,FALSE,FALSE,FALSE,FALSE,FALSE
268130,"England",955.93284945503,3,TRUE,FALSE,FALSE,FALSE,FALSE,TRUE,TRUE,FALSE
268720,"England",357.651962285991,1,TRUE,FALSE,FALSE,FALSE,FALSE,FALSE,FALSE,FALSE
270586,"England",102.064531956877,1,TRUE,FALSE,FALSE,FALSE,FALSE,FALSE,FALSE,FALSE
270633,"England",33.405621925348,1,TRUE,FALSE,FALSE,FALSE,FALSE,FALSE,FALSE,FALSE
291466,"England",5.15597517715935,1,TRUE,FALSE,FALSE,FALSE,FALSE,FALSE,FALSE,FALSE
292359,"England",28.3277900926661,1,TRUE,FALSE,FALSE,FALSE,FALSE,FALSE,FALSE,FALSE
305314,"England",68.3568688458159,1,TRUE,FALSE,FALSE,FALSE,FALSE,FALSE,FALSE,FALSE
320696,"England",960.797158103749,3,TRUE,FALSE,FALSE,FALSE,FALSE,TRUE,TRUE,FALSE
321497,"England",101.331268299851,1,TRUE,FALSE,FALSE,FALSE,FALSE,FALSE,FALSE,FALSE
321697,"England",660.414911744675,1,TRUE,FALSE,FALSE,FALSE,FALSE,FALSE,FALSE,FALSE
329775,"England",44.4249210989376,1,TRUE,FALSE,FALSE,FALSE,FALSE,FALSE,FALSE,FALSE
330183,"England",640.372349953967,3,TRUE,FALSE,FALSE,FALSE,FALSE,TRUE,TRUE,FALSE
338460,"England",97.1573315237044,1,TRUE,FALSE,FALSE,FALSE,FALSE,FALSE,FALSE,FALSE
340568,"England",2497.750528548,4,TRUE,TRUE,FALSE,FALSE,FALSE,TRUE,TRUE,FALSE
340572,"England",60.00151186218,1,TRUE,FALSE,FALSE,FALSE,FALSE,FALSE,FALSE,FALSE
340694,"England",1733.31940581495,3,TRUE,FALSE,FALSE,FALSE,FALSE,TRUE,TRUE,FALSE
343551,"England",70.7123877657958,1,TRUE,FALSE,FALSE,FALSE,FALSE,FALSE,FALSE,FALSE
346651,"England",28.3895987567723,1,TRUE,FALSE,FALSE,FALSE,FALSE,FALSE,FALSE,FALSE
347097,"England",29.1389119653806,1,TRUE,FALSE,FALSE,FALSE,FALSE,FALSE,FALSE,FALSE
347319,"England",119.888215977986,1,TRUE,FALSE,FALSE,FALSE,FALSE,FALSE,FALSE,FALSE
347882,"England",18.4040809891701,1,TRUE,FALSE,FALSE,FALSE,FALSE,FALSE,FALSE,FALSE
362462,"England",33.6141771377522,1,TRUE,FALSE,FALSE,FALSE,FALSE,FALSE,FALSE,FALSE
464591,"England",107.40400541054,1,TRUE,FALSE,FALSE,FALSE,FALSE,FALSE,FALSE,FALSE
475871,"England",59.2883529938777,1,TRUE,FALSE,FALSE,FALSE,FALSE,FALSE,FALSE,FALSE
478187,"England",50.9838020616025,1,TRUE,FALSE,FALSE,FALSE,FALSE,FALSE,FALSE,FALSE
478188,"England",112.035512969218,1,TRUE,FALSE,FALSE,FALSE,FALSE,FALSE,FALSE,FALSE
478246,"England",90.4777848491604,1,TRUE,FALSE,FALSE,FALSE,FALSE,FALSE,FALSE,FALSE
487150,"England",51.5225669430004,1,TRUE,FALSE,FALSE,FALSE,FALSE,FALSE,FALSE,FALSE
497448,"England",14.8797110394353,1,TRUE,FALSE,FALSE,FALSE,FALSE,FALSE,FALSE,FALSE
556977,"England",77.1687339309148,1,TRUE,FALSE,FALSE,FALSE,FALSE,FALSE,FALSE,FALSE
564401,"England",201.385686536414,1,TRUE,FALSE,FALSE,FALSE,FALSE,FALSE,FALSE,FALSE
574601,"England",46.510768503554,1,TRUE,FALSE,FALSE,FALSE,FALSE,FALSE,FALSE,FALSE
584893,"England",29.8861613114786,1,TRUE,FALSE,FALSE,FALSE,FALSE,FALSE,FALSE,FALSE
585247,"England",57.7203911280113,1,TRUE,FALSE,FALSE,FALSE,FALSE,FALSE,FALSE,FALSE
609555,"England",49.3650768610116,1,TRUE,FALSE,FALSE,FALSE,FALSE,FALSE,FALSE,FALSE
679389,"England",37.0368179630587,1,TRUE,FALSE,FALSE,FALSE,FALSE,FALSE,FALSE,FALSE
691424,"England",17.757728898948,1,TRUE,FALSE,FALSE,FALSE,FALSE,FALSE,FALSE,FALSE
694431,"England",221.187850588214,1,TRUE,FALSE,FALSE,FALSE,FALSE,FALSE,FALSE,FALSE
716989,"England",77.6300006443753,1,TRUE,FALSE,FALSE,FALSE,FALSE,FALSE,FALSE,FALSE
716996,"England",51.8757807191987,1,TRUE,FALSE,FALSE,FALSE,FALSE,FALSE,FALSE,FALSE
717333,"England",103.498546355269,1,TRUE,FALSE,FALSE,FALSE,FALSE,FALSE,FALSE,FALSE
720766,"England",17.1865926084656,1,TRUE,FALSE,FALSE,FALSE,FALSE,FALSE,FALSE,FALSE
727770,"England",123.826801332928,1,TRUE,FALSE,FALSE,FALSE,FALSE,FALSE,FALSE,FALSE
761327,"England",39.1064062363907,1,TRUE,FALSE,FALSE,FALSE,FALSE,FALSE,FALSE,FALSE
789651,"England",218.939904887361,1,TRUE,FALSE,FALSE,FALSE,FALSE,FALSE,FALSE,FALSE
792933,"England",430.218598045866,1,TRUE,FALSE,FALSE,FALSE,FALSE,FALSE,FALSE,FALSE
798925,"England",305.082498334255,1,TRUE,FALSE,FALSE,FALSE,FALSE,FALSE,FALSE,FALSE
798939,"England",196.359122909797,1,TRUE,FALSE,FALSE,FALSE,FALSE,FALSE,FALSE,FALSE
803901,"England",2052.9272606251,3,TRUE,FALSE,FALSE,FALSE,FALSE,TRUE,TRUE,FALSE
809740,"England",106.851759886269,1,TRUE,FALSE,FALSE,FALSE,FALSE,FALSE,FALSE,FALSE
809751,"England",37.9987704535841,1,TRUE,FALSE,FALSE,FALSE,FALSE,FALSE,FALSE,FALSE
810738,"England",78.6932969925304,1,TRUE,FALSE,FALSE,FALSE,FALSE,FALSE,FALSE,FALSE
812987,"England",24.0986306458597,1,TRUE,FALSE,FALSE,FALSE,FALSE,FALSE,FALSE,FALSE
813071,"England",154.726750452242,1,TRUE,FALSE,FALSE,FALSE,FALSE,FALSE,FALSE,FALSE
816770,"England",49.5806215884589,1,TRUE,FALSE,FALSE,FALSE,FALSE,FALSE,FALSE,FALSE
823430,"England",76.7379959843022,1,TRUE,FALSE,FALSE,FALSE,FALSE,FALSE,FALSE,FALSE
823720,"England",104.151049845858,1,TRUE,FALSE,FALSE,FALSE,FALSE,FALSE,FALSE,FALSE
829187,"England",139.053436305673,1,TRUE,FALSE,FALSE,FALSE,FALSE,FALSE,FALSE,FALSE
845380,"England",141.503339809561,1,TRUE,FALSE,FALSE,FALSE,FALSE,FALSE,FALSE,FALSE
846554,"England",863.956303955286,1,TRUE,FALSE,FALSE,FALSE,FALSE,FALSE,FALSE,FALSE
848133,"England",629.552316760359,1,TRUE,FALSE,FALSE,FALSE,FALSE,FALSE,FALSE,FALSE
848255,"England",137.303490908822,1,TRUE,FALSE,FALSE,FALSE,FALSE,FALSE,FALSE,FALSE
848256,"England",1244.49287680707,3,TRUE,FALSE,FALSE,FALSE,FALSE,TRUE,TRUE,FALSE
861313,"England",970.344245215149,2,TRUE,FALSE,FALSE,FALSE,FALSE,TRUE,FALSE,FALSE
868150,"England",85.1840681777718,1,TRUE,FALSE,FALSE,FALSE,FALSE,FALSE,FALSE,FALSE
870968,"England",195.668055234895,1,TRUE,FALSE,FALSE,FALSE,FALSE,FALSE,FALSE,FALSE
872658,"England",17.186818461157,1,TRUE,FALSE,FALSE,FALSE,FALSE,FALSE,FALSE,FALSE
872758,"England",73.2159980341067,1,TRUE,FALSE,FALSE,FALSE,FALSE,FALSE,FALSE,FALSE
882584,"England",111.946764535871,1,TRUE,FALSE,FALSE,FALSE,FALSE,FALSE,FALSE,FALSE
899243,"England",1284.77128149139,3,TRUE,FALSE,FALSE,FALSE,FALSE,TRUE,TRUE,FALSE
903866,"England",221.464828939387,1,TRUE,FALSE,FALSE,FALSE,FALSE,FALSE,FALSE,FALSE
905188,"England",115.728887388576,1,TRUE,FALSE,FALSE,FALSE,FALSE,FALSE,FALSE,FALSE
910775,"England",189.645863598887,1,TRUE,FALSE,FALSE,FALSE,FALSE,FALSE,FALSE,FALSE
912944,"England",959.083810152605,1,TRUE,FALSE,FALSE,FALSE,FALSE,FALSE,FALSE,FALSE
929373,"England",2988.72219778228,3,TRUE,FALSE,FALSE,FALSE,FALSE,TRUE,TRUE,FALSE
933528,"England",1600.56736230297,3,TRUE,FALSE,FALSE,FALSE,FALSE,TRUE,TRUE,FALSE
939440,"England",68.5970323344779,1,TRUE,FALSE,FALSE,FALSE,FALSE,FALSE,FALSE,FALSE
951262,"England",1295.51379756816,3,TRUE,FALSE,FALSE,FALSE,FALSE,TRUE,TRUE,FALSE
952803,"England",9275.31405742899,5,TRUE,TRUE,FALSE,FALSE,FALSE,TRUE,TRUE,TRUE
964410,"England",207.456162706478,1,TRUE,FALSE,FALSE,FALSE,FALSE,FALSE,FALSE,FALSE
987400,"England",824.268923474616,1,TRUE,FALSE,FALSE,FALSE,FALSE,FALSE,FALSE,FALSE
987997,"England",169.665297703583,1,TRUE,FALSE,FALSE,FALSE,FALSE,FALSE,FALSE,FALSE
995712,"England",554.83425723073,1,TRUE,FALSE,FALSE,FALSE,FALSE,FALSE,FALSE,FALSE
1000689,"England",343.177001934955,1,TRUE,FALSE,FALSE,FALSE,FALSE,FALSE,FALSE,FALSE
1006442,"England",82.5347940339686,1,TRUE,FALSE,FALSE,FALSE,FALSE,FALSE,FALSE,FALSE
1007328,"England",214.03821438337,1,TRUE,FALSE,FALSE,FALSE,FALSE,FALSE,FALSE,FALSE
1009026,"England",667.246936923546,1,TRUE,FALSE,FALSE,FALSE,FALSE,FALSE,FALSE,FALSE
1009447,"England",511.381246509032,1,TRUE,FALSE,FALSE,FALSE,FALSE,FALSE,FALSE,FALSE
1025384,"England",589.814233056686,1,TRUE,FALSE,FALSE,FALSE,FALSE,FALSE,FALSE,FALSE
1026738,"England",28.8828861968553,1,TRUE,FALSE,FALSE,FALSE,FALSE,FALSE,FALSE,FALSE
1044701,"England",731.576937069952,3,TRUE,FALSE,FALSE,FALSE,FALSE,TRUE,TRUE,FALSE
1075325,"England",380.747934629897,1,TRUE,FALSE,FALSE,FALSE,FALSE,FALSE,FALSE,FALSE
1075654,"England",769.641323928145,1,TRUE,FALSE,FALSE,FALSE,FALSE,FALSE,FALSE,FALSE
1079141,"England",1046.37757965698,1,TRUE,FALSE,FALSE,FALSE,FALSE,FALSE,FALSE,FALSE
1079653,"England",226.840188686317,1,TRUE,FALSE,FALSE,FALSE,FALSE,FALSE,FALSE,FALSE
1079690,"England",562.579988419982,3,TRUE,FALSE,FALSE,FALSE,FALSE,TRUE,TRUE,FALSE
1083565,"England",24.7051552020902,1,TRUE,FALSE,FALSE,FALSE,FALSE,FALSE,FALSE,FALSE
1084552,"England",216.155150803465,1,TRUE,FALSE,FALSE,FALSE,FALSE,FALSE,FALSE,FALSE
1090210,"England",32.1046350950475,1,TRUE,FALSE,FALSE,FALSE,FALSE,FALSE,FALSE,FALSE
1090226,"England",57.9660464883214,1,TRUE,FALSE,FALSE,FALSE,FALSE,FALSE,FALSE,FALSE
1090744,"England",201.412173377876,1,TRUE,FALSE,FALSE,FALSE,FALSE,FALSE,FALSE,FALSE
1093996,"England",207.43366567724,2,TRUE,FALSE,FALSE,FALSE,FALSE,TRUE,FALSE,FALSE
1105444,"England",67.0538896689565,1,TRUE,FALSE,FALSE,FALSE,FALSE,FALSE,FALSE,FALSE
1106248,"England",132.491536891888,1,TRUE,FALSE,FALSE,FALSE,FALSE,FALSE,FALSE,FALSE
1134926,"England",16.9972067089422,1,TRUE,FALSE,FALSE,FALSE,FALSE,FALSE,FALSE,FALSE
1135050,"England",38.5428880493834,1,TRUE,FALSE,FALSE,FALSE,FALSE,FALSE,FALSE,FALSE
1135195,"England",15.5193585893127,1,TRUE,FALSE,FALSE,FALSE,FALSE,FALSE,FALSE,FALSE
1141694,"England",94.8754448363234,1,TRUE,FALSE,FALSE,FALSE,FALSE,FALSE,FALSE,FALSE
1144735,"England",20.5708606102951,1,TRUE,FALSE,FALSE,FALSE,FALSE,FALSE,FALSE,FALSE
1145345,"England",61.7200576961129,1,TRUE,FALSE,FALSE,FALSE,FALSE,FALSE,FALSE,FALSE
1145352,"England",48.4247690233503,1,TRUE,FALSE,FALSE,FALSE,FALSE,FALSE,FALSE,FALSE
1145508,"England",87.8466555843036,1,TRUE,FALSE,FALSE,FALSE,FALSE,FALSE,FALSE,FALSE
1149082,"England",9.93464096734152,1,TRUE,FALSE,FALSE,FALSE,FALSE,FALSE,FALSE,FALSE
1149295,"England",102.452553976395,1,TRUE,FALSE,FALSE,FALSE,FALSE,FALSE,FALSE,FALSE
1153414,"England",38.4134159578945,1,TRUE,FALSE,FALSE,FALSE,FALSE,FALSE,FALSE,FALSE
1155176,"England",387.517760610077,1,TRUE,FALSE,FALSE,FALSE,FALSE,FALSE,FALSE,FALSE
1156139,"England",122.409320406621,1,TRUE,FALSE,FALSE,FALSE,FALSE,FALSE,FALSE,FALSE
1159599,"England",83.9071124756427,1,TRUE,FALSE,FALSE,FALSE,FALSE,FALSE,FALSE,FALSE
1165228,"England",78.2355993403393,1,TRUE,FALSE,FALSE,FALSE,FALSE,FALSE,FALSE,FALSE
1165232,"England",50.3917661285176,1,TRUE,FALSE,FALSE,FALSE,FALSE,FALSE,FALSE,FALSE
1166627,"England",255.005404116707,1,TRUE,FALSE,FALSE,FALSE,FALSE,FALSE,FALSE,FALSE
1166749,"England",45.5130945975828,1,TRUE,FALSE,FALSE,FALSE,FALSE,FALSE,FALSE,FALSE
1167732,"England",29.1895191979148,1,TRUE,FALSE,FALSE,FALSE,FALSE,FALSE,FALSE,FALSE
1170189,"England",28.0284250215125,1,TRUE,FALSE,FALSE,FALSE,FALSE,FALSE,FALSE,FALSE
1174563,"England",28.847011127824,1,TRUE,FALSE,FALSE,FALSE,FALSE,FALSE,FALSE,FALSE
1174648,"England",43.697887197348,1,TRUE,FALSE,FALSE,FALSE,FALSE,FALSE,FALSE,FALSE
1174652,"England",52.8472057732094,1,TRUE,FALSE,FALSE,FALSE,FALSE,FALSE,FALSE,FALSE
1196496,"England",73.8631061617018,1,TRUE,FALSE,FALSE,FALSE,FALSE,FALSE,FALSE,FALSE
1197612,"England",86.318606317064,1,TRUE,FALSE,FALSE,FALSE,FALSE,FALSE,FALSE,FALSE
1204728,"England",31.5534806156076,1,TRUE,FALSE,FALSE,FALSE,FALSE,FALSE,FALSE,FALSE
1224790,"England",12.578489772904,1,TRUE,FALSE,FALSE,FALSE,FALSE,FALSE,FALSE,FALSE
1228874,"England",13.0257362832269,1,TRUE,FALSE,FALSE,FALSE,FALSE,FALSE,FALSE,FALSE
1230583,"England",15.5991437713093,1,TRUE,FALSE,FALSE,FALSE,FALSE,FALSE,FALSE,FALSE
1230746,"Wales",24.4937210915502,1,TRUE,FALSE,FALSE,FALSE,FALSE,FALSE,FALSE,FALSE
1237021,"England",40.5953434901084,1,TRUE,FALSE,FALSE,FALSE,FALSE,FALSE,FALSE,FALSE
1240624,"Wales",193.750963731781,1,TRUE,FALSE,FALSE,FALSE,FALSE,FALSE,FALSE,FALSE
1243697,"England",104.739053884175,1,TRUE,FALSE,FALSE,FALSE,FALSE,FALSE,FALSE,FALSE
1244576,"Wales",32.6108880485066,1,TRUE,FALSE,FALSE,FALSE,FALSE,FALSE,FALSE,FALSE
1246089,"England",135.64333454259,1,TRUE,FALSE,FALSE,FALSE,FALSE,FALSE,FALSE,FALSE
1247739,"England",31.914039858789,1,TRUE,FALSE,FALSE,FALSE,FALSE,FALSE,FALSE,FALSE
1258750,"England",93.9364187982851,1,TRUE,FALSE,FALSE,FALSE,FALSE,FALSE,FALSE,FALSE
1258948,"England",33.7374205546522,1,TRUE,FALSE,FALSE,FALSE,FALSE,FALSE,FALSE,FALSE
1261338,"England",54.0736931745582,1,TRUE,FALSE,FALSE,FALSE,FALSE,FALSE,FALSE,FALSE
1272081,"England",28.272542695809,1,TRUE,FALSE,FALSE,FALSE,FALSE,FALSE,FALSE,FALSE
1272085,"England",72.6636776078206,1,TRUE,FALSE,FALSE,FALSE,FALSE,FALSE,FALSE,FALSE
1291644,"England",743.67992467175,3,TRUE,FALSE,FALSE,FALSE,FALSE,TRUE,TRUE,FALSE
1295567,"England",627.228178116165,3,TRUE,FALSE,FALSE,FALSE,FALSE,TRUE,TRUE,FALSE
1306619,"England",7707.88341513224,7,TRUE,TRUE,TRUE,TRUE,FALSE,TRUE,TRUE,TRUE
1308478,"England",24.239406937343,1,TRUE,FALSE,FALSE,FALSE,FALSE,FALSE,FALSE,FALSE
1314569,"England",91.2719477263356,1,TRUE,FALSE,FALSE,FALSE,FALSE,FALSE,FALSE,FALSE
1320878,"England",63.6743275319122,1,TRUE,FALSE,FALSE,FALSE,FALSE,FALSE,FALSE,FALSE
1321032,"England",453.458799297622,2,TRUE,FALSE,FALSE,FALSE,FALSE,FALSE,TRUE,FALSE
1346957,"Wales",118.333017153377,1,TRUE,FALSE,FALSE,FALSE,FALSE,FALSE,FALSE,FALSE
1354852,"Wales",272.878788584601,1,TRUE,FALSE,FALSE,FALSE,FALSE,FALSE,FALSE,FALSE
1360389,"Wales",373.075720615853,3,TRUE,FALSE,FALSE,FALSE,FALSE,TRUE,TRUE,FALSE
1367405,"Wales",16.2504154835725,1,TRUE,FALSE,FALSE,FALSE,FALSE,FALSE,FALSE,FALSE
1379612,"Wales",52.7065266638087,1,TRUE,FALSE,FALSE,FALSE,FALSE,FALSE,FALSE,FALSE
1392211,"Wales",33.6895401780729,1,TRUE,FALSE,FALSE,FALSE,FALSE,FALSE,FALSE,FALSE
1392271,"Wales",265.128711243921,1,TRUE,FALSE,FALSE,FALSE,FALSE,FALSE,FALSE,FALSE
1394057,"Wales",938.905586088344,3,TRUE,FALSE,FALSE,FALSE,FALSE,TRUE,TRUE,FALSE
1396553,"Wales",6684.43375494886,7,TRUE,TRUE,TRUE,TRUE,FALSE,TRUE,TRUE,TRUE
1397515,"Wales",5603.31544467934,7,TRUE,TRUE,TRUE,TRUE,FALSE,TRUE,TRUE,TRUE
1398954,"Wales",6494.94547535241,7,TRUE,TRUE,TRUE,TRUE,FALSE,TRUE,TRUE,TRUE
1413960,"England",23.2747407205311,1,TRUE,FALSE,FALSE,FALSE,FALSE,FALSE,FALSE,FALSE
1419120,"England",30.600396763171,1,TRUE,FALSE,FALSE,FALSE,FALSE,FALSE,FALSE,FALSE
1420301,"England",184.243719346373,1,TRUE,FALSE,FALSE,FALSE,FALSE,FALSE,FALSE,FALSE
1427109,"England",2177.35722874801,4,TRUE,TRUE,FALSE,FALSE,FALSE,TRUE,TRUE,FALSE
1430283,"England",283.736542748317,1,TRUE,FALSE,FALSE,FALSE,FALSE,FALSE,FALSE,FALSE
1430575,"England",1355.81015779499,3,TRUE,FALSE,FALSE,FALSE,FALSE,TRUE,TRUE,FALSE
1434773,"England",2646.00210602885,4,TRUE,TRUE,FALSE,FALSE,FALSE,TRUE,TRUE,FALSE
1437275,"England",55.377679201218,1,TRUE,FALSE,FALSE,FALSE,FALSE,FALSE,FALSE,FALSE
1437582,"England",42.3080501478931,1,TRUE,FALSE,FALSE,FALSE,FALSE,FALSE,FALSE,FALSE
1443556,"England",52.6257273180558,1,TRUE,FALSE,FALSE,FALSE,FALSE,FALSE,FALSE,FALSE
1470630,"England",65.0588984777365,1,TRUE,FALSE,FALSE,FALSE,FALSE,FALSE,FALSE,FALSE
1499599,"England",46.6708000123829,1,TRUE,FALSE,FALSE,FALSE,FALSE,FALSE,FALSE,FALSE
1501830,"England",992.064898683582,2,TRUE,FALSE,FALSE,FALSE,FALSE,TRUE,FALSE,FALSE
1502540,"Wales",56.3189932076563,1,TRUE,FALSE,FALSE,FALSE,FALSE,FALSE,FALSE,FALSE
1517456,"England",269.853028345568,1,TRUE,FALSE,FALSE,FALSE,FALSE,FALSE,FALSE,FALSE
1517487,"England",63.4813855152498,1,TRUE,FALSE,FALSE,FALSE,FALSE,FALSE,FALSE,FALSE
1521280,"England",54.9486780233687,1,TRUE,FALSE,FALSE,FALSE,FALSE,FALSE,FALSE,FALSE
1523056,"England",92.0786123958834,1,TRUE,FALSE,FALSE,FALSE,FALSE,FALSE,FALSE,FALSE
1523305,"England",121.330158386155,1,TRUE,FALSE,FALSE,FALSE,FALSE,FALSE,FALSE,FALSE
1523481,"England",30.483686329495,1,TRUE,FALSE,FALSE,FALSE,FALSE,FALSE,FALSE,FALSE
1524441,"England",41.3549540187041,1,TRUE,FALSE,FALSE,FALSE,FALSE,FALSE,FALSE,FALSE
1525851,"England",118.749871690761,1,TRUE,FALSE,FALSE,FALSE,FALSE,FALSE,FALSE,FALSE
1526184,"England",121.087835569408,1,TRUE,FALSE,FALSE,FALSE,FALSE,FALSE,FALSE,FALSE
1526338,"England",180.361527924033,1,TRUE,FALSE,FALSE,FALSE,FALSE,FALSE,FALSE,FALSE
1526424,"England",224.056114776069,1,TRUE,FALSE,FALSE,FALSE,FALSE,FALSE,FALSE,FALSE
1527001,"England",95.6798623606714,1,TRUE,FALSE,FALSE,FALSE,FALSE,FALSE,FALSE,FALSE
1533847,"England",11.1444234940886,1,TRUE,FALSE,FALSE,FALSE,FALSE,FALSE,FALSE,FALSE
1542084,"England",521.175630984327,1,TRUE,FALSE,FALSE,FALSE,FALSE,FALSE,FALSE,FALSE
1542881,"England",68.8530542382594,1,TRUE,FALSE,FALSE,FALSE,FALSE,FALSE,FALSE,FALSE
1545841,"England",75.0445578125262,1,TRUE,FALSE,FALSE,FALSE,FALSE,FALSE,FALSE,FALSE
1554682,"England",52.4571854418486,1,TRUE,FALSE,FALSE,FALSE,FALSE,FALSE,FALSE,FALSE
1555827,"England",11.5545876508005,1,TRUE,FALSE,FALSE,FALSE,FALSE,FALSE,FALSE,FALSE
1562413,"England",65.6875977993356,1,TRUE,FALSE,FALSE,FALSE,FALSE,FALSE,FALSE,FALSE
1566021,"England",3412.33763661526,6,TRUE,TRUE,TRUE,FALSE,FALSE,TRUE,TRUE,TRUE
1566150,"England",47.6835426615449,1,TRUE,FALSE,FALSE,FALSE,FALSE,FALSE,FALSE,FALSE
1586044,"England",22.3258924172121,1,TRUE,FALSE,FALSE,FALSE,FALSE,FALSE,FALSE,FALSE
1594185,"Scotland",6383.2283485096,7,TRUE,TRUE,TRUE,TRUE,FALSE,TRUE,TRUE,TRUE
1594667,"Scotland",2657.36480166283,6,TRUE,TRUE,TRUE,FALSE,FALSE,TRUE,TRUE,TRUE
1600794,"Scotland",25.9481874821056,1,TRUE,FALSE,FALSE,FALSE,FALSE,FALSE,FALSE,FALSE
1608392,"Scotland",8.67743870389068,1,TRUE,FALSE,FALSE,FALSE,FALSE,FALSE,FALSE,FALSE
1618568,"Scotland",161.049862284998,1,TRUE,FALSE,FALSE,FALSE,FALSE,FALSE,FALSE,FALSE
1624396,"Scotland",317.339354034054,1,TRUE,FALSE,FALSE,FALSE,FALSE,FALSE,FALSE,FALSE
1626325,"Scotland",15.3423415648162,1,TRUE,FALSE,FALSE,FALSE,FALSE,FALSE,FALSE,FALSE
1628267,"Scotland",555.976173995548,3,TRUE,FALSE,FALSE,FALSE,FALSE,TRUE,TRUE,FALSE
1630639,"Scotland",22.4533071986744,1,TRUE,FALSE,FALSE,FALSE,FALSE,FALSE,FALSE,FALSE
1641936,"Scotland",6.08193938444052,1,TRUE,FALSE,FALSE,FALSE,FALSE,FALSE,FALSE,FALSE
1642135,"Scotland",3.59139915294548,1,TRUE,FALSE,FALSE,FALSE,FALSE,FALSE,FALSE,FALSE
1642919,"Wales",12.5671382336409,1,TRUE,FALSE,FALSE,FALSE,FALSE,FALSE,FALSE,FALSE
1642923,"Wales",12.4247851298707,1,TRUE,FALSE,FALSE,FALSE,FALSE,FALSE,FALSE,FALSE
1644178,"England",65.1092619854422,1,TRUE,FALSE,FALSE,FALSE,FALSE,FALSE,FALSE,FALSE
1647701,"England",47.8588538997202,1,TRUE,FALSE,FALSE,FALSE,FALSE,FALSE,FALSE,FALSE
1648529,"England",85.1209441452614,1,TRUE,FALSE,FALSE,FALSE,FALSE,FALSE,FALSE,FALSE
1648617,"England",21.3532490656447,1,TRUE,FALSE,FALSE,FALSE,FALSE,FALSE,FALSE,FALSE
1649286,"England",34.7360706924447,1,TRUE,FALSE,FALSE,FALSE,FALSE,FALSE,FALSE,FALSE
1649789,"England",18.0515734493571,1,TRUE,FALSE,FALSE,FALSE,FALSE,FALSE,FALSE,FALSE
1651883,"England",104.441910471018,1,TRUE,FALSE,FALSE,FALSE,FALSE,FALSE,FALSE,FALSE
1662281,"England",76.994159536237,1,TRUE,FALSE,FALSE,FALSE,FALSE,FALSE,FALSE,FALSE
1664679,"England",117.790406410224,1,TRUE,FALSE,FALSE,FALSE,FALSE,FALSE,FALSE,FALSE
1670208,"England",518.534957728799,1,TRUE,FALSE,FALSE,FALSE,FALSE,FALSE,FALSE,FALSE
1670328,"England",114.739751207788,1,TRUE,FALSE,FALSE,FALSE,FALSE,FALSE,FALSE,FALSE
1671069,"England",18.3415936042276,1,TRUE,FALSE,FALSE,FALSE,FALSE,FALSE,FALSE,FALSE
1671626,"England",15.6053105067364,1,TRUE,FALSE,FALSE,FALSE,FALSE,FALSE,FALSE,FALSE
1672536,"England",2361.78297838346,5,TRUE,TRUE,FALSE,FALSE,FALSE,TRUE,TRUE,TRUE
1672598,"England",98.4803280083869,1,TRUE,FALSE,FALSE,FALSE,FALSE,FALSE,FALSE,FALSE
1673732,"England",189.99240291513,1,TRUE,FALSE,FALSE,FALSE,FALSE,FALSE,FALSE,FALSE
1681125,"England",34.4147123962857,1,TRUE,FALSE,FALSE,FALSE,FALSE,FALSE,FALSE,FALSE
1683838,"England",274.733773453951,1,TRUE,FALSE,FALSE,FALSE,FALSE,FALSE,FALSE,FALSE
1684372,"England",136.025355379,1,TRUE,FALSE,FALSE,FALSE,FALSE,FALSE,FALSE,FALSE
1684376,"England",53.4308631299164,1,TRUE,FALSE,FALSE,FALSE,FALSE,FALSE,FALSE,FALSE
1684572,"England",21.541405823902,1,TRUE,FALSE,FALSE,FALSE,FALSE,FALSE,FALSE,FALSE
1695949,"England",35.1514511872255,1,TRUE,FALSE,FALSE,FALSE,FALSE,FALSE,FALSE,FALSE
1699235,"England",13.9372320456038,1,TRUE,FALSE,FALSE,FALSE,FALSE,FALSE,FALSE,FALSE
1700980,"England",162.875111769715,1,TRUE,FALSE,FALSE,FALSE,FALSE,FALSE,FALSE,FALSE
1701470,"England",1035.39163143767,5,TRUE,TRUE,FALSE,FALSE,FALSE,TRUE,TRUE,TRUE
1704236,"England",55.3942227401068,1,TRUE,FALSE,FALSE,FALSE,FALSE,FALSE,FALSE,FALSE
1704337,"England",70.9201444681899,1,TRUE,FALSE,FALSE,FALSE,FALSE,FALSE,FALSE,FALSE
1718026,"England",242.883373077632,1,TRUE,FALSE,FALSE,FALSE,FALSE,FALSE,FALSE,FALSE
1718110,"England",63.8652213328039,1,TRUE,FALSE,FALSE,FALSE,FALSE,FALSE,FALSE,FALSE
1724223,"England",208.110456895046,1,TRUE,FALSE,FALSE,FALSE,FALSE,FALSE,FALSE,FALSE
1733157,"England",157.866103881667,1,TRUE,FALSE,FALSE,FALSE,FALSE,FALSE,FALSE,FALSE
1743326,"England",126.95641852238,1,TRUE,FALSE,FALSE,FALSE,FALSE,FALSE,FALSE,FALSE
1745794,"England",109.649798202842,1,TRUE,FALSE,FALSE,FALSE,FALSE,FALSE,FALSE,FALSE
1746402,"England",12.162605886356,1,TRUE,FALSE,FALSE,FALSE,FALSE,FALSE,FALSE,FALSE
1747580,"England",22.0412430248905,1,TRUE,FALSE,FALSE,FALSE,FALSE,FALSE,FALSE,FALSE
1751328,"England",4.20847381081876,1,TRUE,FALSE,FALSE,FALSE,FALSE,FALSE,FALSE,FALSE
1759328,"England",41.4980322972709,1,TRUE,FALSE,FALSE,FALSE,FALSE,FALSE,FALSE,FALSE
1761048,"England",107.830590246202,1,TRUE,FALSE,FALSE,FALSE,FALSE,FALSE,FALSE,FALSE
1761348,"England",29.2863535832361,1,TRUE,FALSE,FALSE,FALSE,FALSE,FALSE,FALSE,FALSE
1761810,"England",30.5510734305668,1,TRUE,FALSE,FALSE,FALSE,FALSE,FALSE,FALSE,FALSE
1762477,"England",23.1658878214509,1,TRUE,FALSE,FALSE,FALSE,FALSE,FALSE,FALSE,FALSE
1809310,"England",43.308726682913,1,TRUE,FALSE,FALSE,FALSE,FALSE,FALSE,FALSE,FALSE
1811059,"England",37.9135085260407,1,TRUE,FALSE,FALSE,FALSE,FALSE,FALSE,FALSE,FALSE
1812416,"England",105.713211346688,1,TRUE,FALSE,FALSE,FALSE,FALSE,FALSE,FALSE,FALSE
1816411,"England",23.2309253339101,1,TRUE,FALSE,FALSE,FALSE,FALSE,FALSE,FALSE,FALSE
1816873,"England",66.609469242584,1,TRUE,FALSE,FALSE,FALSE,FALSE,FALSE,FALSE,FALSE
1816874,"England",17.2018612678692,1,TRUE,FALSE,FALSE,FALSE,FALSE,FALSE,FALSE,FALSE
1817974,"England",15.3716730962393,1,TRUE,FALSE,FALSE,FALSE,FALSE,FALSE,FALSE,FALSE
1820849,"England",32.1702136609651,1,TRUE,FALSE,FALSE,FALSE,FALSE,FALSE,FALSE,FALSE
1822632,"England",24.2739856238518,1,TRUE,FALSE,FALSE,FALSE,FALSE,FALSE,FALSE,FALSE
1822846,"England",16.4941672447917,1,TRUE,FALSE,FALSE,FALSE,FALSE,FALSE,FALSE,FALSE
1823814,"England",24.758769940485,1,TRUE,FALSE,FALSE,FALSE,FALSE,FALSE,FALSE,FALSE
1824485,"England",68.5409523785016,1,TRUE,FALSE,FALSE,FALSE,FALSE,FALSE,FALSE,FALSE
1831129,"England",79.5474617670761,1,TRUE,FALSE,FALSE,FALSE,FALSE,FALSE,FALSE,FALSE
1837542,"England",133.028644844708,1,TRUE,FALSE,FALSE,FALSE,FALSE,FALSE,FALSE,FALSE
1849337,"England",23.1045291364385,1,TRUE,FALSE,FALSE,FALSE,FALSE,FALSE,FALSE,FALSE
1887148,"England",2134.49127072089,3,TRUE,FALSE,FALSE,FALSE,FALSE,TRUE,TRUE,FALSE
1888827,"England",3861.86487189008,6,TRUE,TRUE,TRUE,FALSE,FALSE,TRUE,TRUE,TRUE
1901164,"England",52.3116819367037,1,TRUE,FALSE,FALSE,FALSE,FALSE,FALSE,FALSE,FALSE
1901849,"England",36.1114536786757,1,TRUE,FALSE,FALSE,FALSE,FALSE,FALSE,FALSE,FALSE
1907759,"England",591.451406273806,1,TRUE,FALSE,FALSE,FALSE,FALSE,FALSE,FALSE,FALSE
1912744,"England",162.703523164743,1,TRUE,FALSE,FALSE,FALSE,FALSE,FALSE,FALSE,FALSE
1947630,"England",142.597124468192,1,TRUE,FALSE,FALSE,FALSE,FALSE,FALSE,FALSE,FALSE
1947634,"England",653.489755111503,2,TRUE,FALSE,FALSE,FALSE,FALSE,TRUE,FALSE,FALSE
1947635,"England",204.890603009846,1,TRUE,FALSE,FALSE,FALSE,FALSE,FALSE,FALSE,FALSE
1956776,"England",24.2228575286651,1,TRUE,FALSE,FALSE,FALSE,FALSE,FALSE,FALSE,FALSE
1957772,"England",197.54043153994,2,TRUE,FALSE,FALSE,FALSE,FALSE,FALSE,TRUE,FALSE
1957863,"England",481.910191743062,3,TRUE,FALSE,FALSE,FALSE,FALSE,TRUE,TRUE,FALSE
1958972,"England",171.164862562187,2,TRUE,FALSE,FALSE,FALSE,FALSE,FALSE,TRUE,FALSE
1976800,"England",914.257933136854,4,TRUE,TRUE,FALSE,FALSE,FALSE,TRUE,TRUE,FALSE
1979871,"England",1107.85205983657,4,TRUE,TRUE,FALSE,FALSE,FALSE,TRUE,TRUE,FALSE
1980746,"England",92.1846438759769,1,TRUE,FALSE,FALSE,FALSE,FALSE,FALSE,FALSE,FALSE
1982473,"England",7633.07464657488,7,TRUE,TRUE,TRUE,TRUE,FALSE,TRUE,TRUE,TRUE
1982872,"England",5.66339593190997,1,TRUE,FALSE,FALSE,FALSE,FALSE,FALSE,FALSE,FALSE
2004444,"England",1246.50843769841,5,TRUE,TRUE,FALSE,FALSE,FALSE,TRUE,TRUE,TRUE
2025316,"England",75.5705792199269,1,TRUE,FALSE,FALSE,FALSE,FALSE,FALSE,FALSE,FALSE
2028270,"England",30.7930059523645,1,TRUE,FALSE,FALSE,FALSE,FALSE,FALSE,FALSE,FALSE
2030967,"Scotland",11836.002668587,7,TRUE,TRUE,TRUE,TRUE,FALSE,TRUE,TRUE,TRUE
2031230,"Scotland",526.818446114068,2,TRUE,FALSE,FALSE,FALSE,FALSE,FALSE,TRUE,FALSE
2038435,"Scotland",328.365158470117,2,TRUE,FALSE,FALSE,FALSE,FALSE,FALSE,TRUE,FALSE
2044169,"Scotland",7.52812998267004,1,TRUE,FALSE,FALSE,FALSE,FALSE,FALSE,FALSE,FALSE
2045396,"Scotland",8.85487740470205,1,TRUE,FALSE,FALSE,FALSE,FALSE,FALSE,FALSE,FALSE
2047807,"Scotland",263.528812048684,3,TRUE,FALSE,FALSE,FALSE,FALSE,TRUE,TRUE,FALSE
2048272,"Scotland",193.692300519756,1,TRUE,FALSE,FALSE,FALSE,FALSE,FALSE,FALSE,FALSE
2060187,"Scotland",17.843066826689,1,TRUE,FALSE,FALSE,FALSE,FALSE,FALSE,FALSE,FALSE
2084822,"Scotland",19.9808380963773,1,TRUE,FALSE,FALSE,FALSE,FALSE,FALSE,FALSE,FALSE
2084836,"Scotland",63.88413336047,1,TRUE,FALSE,FALSE,FALSE,FALSE,FALSE,FALSE,FALSE
2086584,"Scotland",9.91315806002424,1,TRUE,FALSE,FALSE,FALSE,FALSE,FALSE,FALSE,FALSE
2104367,"Scotland",17.4481883480847,1,TRUE,FALSE,FALSE,FALSE,FALSE,FALSE,FALSE,FALSE
2104377,"Scotland",15.1484777950643,1,TRUE,FALSE,FALSE,FALSE,FALSE,FALSE,FALSE,FALSE
2105220,"Scotland",5.04139981476737,1,TRUE,FALSE,FALSE,FALSE,FALSE,FALSE,FALSE,FALSE
2108734,"Scotland",75.6674144995167,1,TRUE,FALSE,FALSE,FALSE,FALSE,FALSE,FALSE,FALSE
2108741,"Scotland",9.2899853324174,1,TRUE,FALSE,FALSE,FALSE,FALSE,FALSE,FALSE,FALSE
2108897,"Scotland",20.070108221694,1,TRUE,FALSE,FALSE,FALSE,FALSE,FALSE,FALSE,FALSE
2109472,"Scotland",348.489548859669,3,TRUE,FALSE,FALSE,FALSE,FALSE,TRUE,TRUE,FALSE
2110085,"Scotland",17.1375698305866,1,TRUE,FALSE,FALSE,FALSE,FALSE,FALSE,FALSE,FALSE
2112331,"Scotland",14.8796803897108,1,TRUE,FALSE,FALSE,FALSE,FALSE,FALSE,FALSE,FALSE
2112575,"Scotland",19.9425537890429,1,TRUE,FALSE,FALSE,FALSE,FALSE,FALSE,FALSE,FALSE
2112977,"Scotland",29.3336040195324,1,TRUE,FALSE,FALSE,FALSE,FALSE,FALSE,FALSE,FALSE
2113167,"Scotland",30.3497201769309,1,TRUE,FALSE,FALSE,FALSE,FALSE,FALSE,FALSE,FALSE
2125588,"Scotland",10.1088749518787,1,TRUE,FALSE,FALSE,FALSE,FALSE,FALSE,FALSE,FALSE
2125592,"Scotland",142.990905099052,1,TRUE,FALSE,FALSE,FALSE,FALSE,FALSE,FALSE,FALSE
2128922,"Scotland",524.690054864717,2,TRUE,FALSE,FALSE,FALSE,FALSE,FALSE,TRUE,FALSE
2135660,"Scotland",47.859362197052,1,TRUE,FALSE,FALSE,FALSE,FALSE,FALSE,FALSE,FALSE
2136290,"Scotland",7031.87503471903,7,TRUE,TRUE,TRUE,TRUE,FALSE,TRUE,TRUE,TRUE
2139949,"Scotland",13250.6990833674,8,TRUE,TRUE,TRUE,TRUE,TRUE,TRUE,TRUE,TRUE
2145104,"Scotland",17.4270737504466,1,TRUE,FALSE,FALSE,FALSE,FALSE,FALSE,FALSE,FALSE
2145546,"Scotland",153.645870074542,1,TRUE,FALSE,FALSE,FALSE,FALSE,FALSE,FALSE,FALSE
2147429,"Scotland",1177.36144466144,4,TRUE,TRUE,FALSE,FALSE,FALSE,TRUE,TRUE,FALSE
2153088,"Scotland",43.2840963812513,1,TRUE,FALSE,FALSE,FALSE,FALSE,FALSE,FALSE,FALSE
2163070,"Scotland",285.17445713297,1,TRUE,FALSE,FALSE,FALSE,FALSE,FALSE,FALSE,FALSE
2171371,"Scotland",246.296269323686,1,TRUE,FALSE,FALSE,FALSE,FALSE,FALSE,FALSE,FALSE
2171562,"Scotland",11263.5991841475,8,TRUE,TRUE,TRUE,TRUE,TRUE,TRUE,TRUE,TRUE
2174014,"Scotland",11433.5110120171,7,TRUE,TRUE,TRUE,TRUE,FALSE,TRUE,TRUE,TRUE
2174026,"Scotland",3012.20994776455,4,TRUE,TRUE,FALSE,FALSE,FALSE,TRUE,TRUE,FALSE
2177476,"Scotland",127.680617193258,1,TRUE,FALSE,FALSE,FALSE,FALSE,FALSE,FALSE,FALSE
2178089,"Scotland",307.293713363722,3,TRUE,FALSE,FALSE,FALSE,FALSE,TRUE,TRUE,FALSE
2178249,"Scotland",333.732882471166,3,TRUE,FALSE,FALSE,FALSE,FALSE,TRUE,TRUE,FALSE
2178290,"Scotland",151.259804767635,1,TRUE,FALSE,FALSE,FALSE,FALSE,FALSE,FALSE,FALSE
2178873,"Scotland",50.1210705947748,1,TRUE,FALSE,FALSE,FALSE,FALSE,FALSE,FALSE,FALSE
2179081,"England",382.688547351154,1,TRUE,FALSE,FALSE,FALSE,FALSE,FALSE,FALSE,FALSE
2179868,"Scotland",7.47870816215491,1,TRUE,FALSE,FALSE,FALSE,FALSE,FALSE,FALSE,FALSE
2179876,"Scotland",2.9001252497946,1,TRUE,FALSE,FALSE,FALSE,FALSE,FALSE,FALSE,FALSE
2179885,"Scotland",6.4483378629148,1,TRUE,FALSE,FALSE,FALSE,FALSE,FALSE,FALSE,FALSE
2179886,"Scotland",2.80574796314228,1,TRUE,FALSE,FALSE,FALSE,FALSE,FALSE,FALSE,FALSE
2179888,"Scotland",144.563043040059,3,TRUE,FALSE,FALSE,FALSE,FALSE,TRUE,TRUE,FALSE
2179895,"Scotland",495.158964994023,3,TRUE,FALSE,FALSE,FALSE,FALSE,TRUE,TRUE,FALSE
2179899,"Scotland",33.6052317216837,1,TRUE,FALSE,FALSE,FALSE,FALSE,FALSE,FALSE,FALSE
2179904,"Scotland",54.4617395795987,1,TRUE,FALSE,FALSE,FALSE,FALSE,FALSE,FALSE,FALSE
2179905,"Scotland",30.1314255109218,1,TRUE,FALSE,FALSE,FALSE,FALSE,FALSE,FALSE,FALSE
2179909,"Scotland",46.6320907111559,1,TRUE,FALSE,FALSE,FALSE,FALSE,FALSE,FALSE,FALSE
2179915,"Scotland",12.1938907571352,1,TRUE,FALSE,FALSE,FALSE,FALSE,FALSE,FALSE,FALSE
2179923,"Scotland",26.5741123173667,1,TRUE,FALSE,FALSE,FALSE,FALSE,FALSE,FALSE,FALSE
2179924,"Scotland",2.91600853216857,1,TRUE,FALSE,FALSE,FALSE,FALSE,FALSE,FALSE,FALSE
2179925,"Scotland",978.957261109011,5,TRUE,TRUE,FALSE,FALSE,FALSE,TRUE,TRUE,TRUE
2179926,"Scotland",7.8498535101047,1,TRUE,FALSE,FALSE,FALSE,FALSE,FALSE,FALSE,FALSE
2179927,"Scotland",1.96415919141603,1,TRUE,FALSE,FALSE,FALSE,FALSE,FALSE,FALSE,FALSE
2179929,"Scotland",18.821164419965,1,TRUE,FALSE,FALSE,FALSE,FALSE,FALSE,FALSE,FALSE
2179939,"Scotland",40.6017850490495,1,TRUE,FALSE,FALSE,FALSE,FALSE,FALSE,FALSE,FALSE
2179940,"Scotland",212.893456855055,2,TRUE,FALSE,FALSE,FALSE,FALSE,FALSE,TRUE,FALSE
2179948,"Scotland",119.322684176242,1,TRUE,FALSE,FALSE,FALSE,FALSE,FALSE,FALSE,FALSE
